{
  "date": "2022-02-07T16:38:31.236Z",
  "title": "Como tomar Creatina",
  "thumbnail": "/img/uploads/whatsapp-image-2021-03-25-at-19.22.38-2-.jpeg",
  "description": "Venha conhecer os benefícios da Creatina e como tomar!",
  "meta_title": "",
  "sections": [
    {
      "type": "custom-content",
      "markdown": "# Creatina o melhor suplemento para hipertrofia"
    },
    {
      "type": "custom-content",
      "markdown": "![](/img/uploads/post-creatina.png)"
    },
    {
      "type": "custom-content",
      "markdown": "<!--StartFragment-->\n\nVocê sabia que a [creatina](https://mssuplementos.com.br/creatina-hardcore-300g---integral-medica) é um dos suplementos mais estudados no meio esportivo ⁉️\\\n\\\nA [creatina](https://mssuplementos.com.br/creatina-hardcore-300g---integral-medica) é uma molécula encontrada naturalmente no tecido muscular, em quantidade limitada, que participa de todos os processos energéticos do corpo.\\\n\\\nEla é fundamental na contração muscular, proporcionando maior força muscular, resistência física, redução no tempo de recuperação, e [aumento do volume muscular](https://mssuplementos.com.br/creatina-hardcore-300g---integral-medica).\\\n\\\nBenefícios:\\\n▪️Melhora o metabolismo;\\\n▪️Aumenta a intensidade dos treinos;\\\n▪️Acelera a recuperação muscular;\\\n▪️Inibe a miostatina;\\\n▪️Melhora as funções cerebrais;\\\n▪️Combate a fadiga muscular;\\\n▪️Melhora a capacidade cognitiva e funções cerebrais.\\\n\\\nComo tomar:\\\n3g a 5g todos os dias (inclusive nos dias que não treina), pode tomar a qualquer momento do dia. É de efeito crônico e não agudo.\\\n\\\n✨Dica: Utilizar a creatina junto com uma fonte de carboidratos e/ou proteínas, promove uma maior retenção da creatina no músculo.\n\n<!--EndFragment-->"
    },
    {
      "type": "custom-content",
      "markdown": "Siga nosso [Instagram](https://www.instagram.com/ms_nutritionsuplementos/) @ms_nutritionsuplementos e fique por dentro de todas as promoções da nossa loja!"
    },
    {
      "type": "custom-content",
      "markdown": "### [MSNutritionSuplementos](https://mssuplementos.com.br/) sua parceira em suplementação."
    },
    {
      "type": "banners-grid",
      "banners": [
        {
          "img": "/img/uploads/creatina-hardcore.png",
          "link": "https://mssuplementos.com.br/creatina-hardcore-300g---integral-medica"
        }
      ]
    }
  ]
}