{
  "date": "2021-12-29T19:58:03.601Z",
  "title": "Qual Whey devo escolher?",
  "description": "Venha conhecer as diferenças de cada Whey!! ",
  "meta_title": "Diferenças entre Whey ",
  "meta_description": "Qual whey é comprar?",
  "thumbnail": "/img/uploads/post-blog-1.png",
  "body": "",
  "sections": [
    {
      "type": "custom-content",
      "markdown": "## Diferenças entre o Whey Protein Isolado, Whey Protein Concentrado e Whey Protein Hidrolisado."
    },
    {
      "type": "custom-content",
      "markdown": "![](/img/uploads/post-2.png)"
    },
    {
      "type": "custom-content",
      "markdown": "![]()\n\n\n\n<!--StartFragment-->\n\nQuando criamos uma rotina de treino e boa alimentação tornasse necessário o aumento da ingestão de proteínas na alimentação!\n\nUm bom aliado para esse caso é o [Whey Protein](https://mssuplementos.com.br/whey) ou seja a proteína do soro do leite, esse produto foi criado para que todos consigam ter uma maior adesão de proteínas em nossa alimentação, as proteínas são essenciais para a formação dos músculos.   \n\n### Whey protein possui três tipos:\n\n. [Whey Protein Isolado](https://mssuplementos.com.br/whey-protein-isolado-pote-900g---dux-nutrition) indicado para pessoas que possuem intolerância a lactose e também usado em dietas mais restritivas em carboidrato.\n\n. [Whey Protein Concentrado](https://mssuplementos.com.br/whey-100) indicado para a maioria das pessoas que não tem problema com lactose e possui o melhor custo benefício do mercado.\n\n. [Whey Prontein Hidrolisado](https://mssuplementos.com.br/whey) Indicado para pessoas que possuem problemas de digestão e sensibilidade a proteína, ele possui o maior custo benefício utilizado em casos específicos.  \n\n<!--EndFragment-->"
    },
    {
      "type": "custom-content",
      "markdown": "### Agora que você já sabe qual [Whey Protein](https://mssuplementos.com.br/whey) escolher não perca tempo e confira nossos produtos!!"
    },
    {
      "type": "collection-shelf",
      "shuffle": false,
      "limit": 12,
      "page": 1,
      "collection_id": "61ca27590c7c727225e4308a:categories:WHEY:/whey"
    }
  ]
}