{
  "meta_title": "MSNutritionSuplementos sua parceira em suplementação ",
  "meta_description": "Suplementos de qualidade com os melhores preços ",
  "sections": [
    {
      "type": "banner-slider",
      "autoplay": 9000,
      "slides": [
        {
          "start": "",
          "end": "",
          "img": "/img/uploads/vitapowerpasta.png",
          "link": "https://mssuplementos.com.br/pasta-de-amendoim-vitapower-air",
          "mobile_img": "/img/uploads/pastaair.png"
        },
        {
          "start": "",
          "end": "",
          "img": "/img/uploads/baner-octavio-dux-3-.png",
          "link": "https://mssuplementos.com.br/whey-concentrado",
          "alt": "Whey mais gostoso do Brasil! ",
          "mobile_img": "/img/uploads/whey-dux-baaner.png"
        },
        {
          "start": "",
          "end": "",
          "img": "/img/uploads/top-whey-3w-mais-sabor.png",
          "link": "https://mssuplementos.com.br/whey-3w-mais-sabor",
          "mobile_img": "/img/uploads/design-sem-nome-4-.png"
        },
        {
          "start": "",
          "end": "",
          "img": "/img/uploads/creatina-hardcore.png",
          "link": "https://mssuplementos.com.br/creatina-hardcore-300g---integral-medica",
          "mobile_img": "/img/uploads/design-sem-nome-5-.png"
        }
      ],
      "full_width": false
    },
    {
      "type": "info-bar",
      "enabled": true
    },
    {
      "type": "collection-shelf",
      "shuffle": false,
      "limit": 12,
      "page": 1,
      "collection_id": "622603037963422eee32a57d:categories:COMBO:/combo"
    },
    {
      "type": "collection-shelf",
      "shuffle": true,
      "collection_id": "61ca27590c7c727225e4308a:categories:WHEY:/whey",
      "limit": 12,
      "page": 1
    },
    {
      "type": "collection-shelf",
      "shuffle": false,
      "limit": 12,
      "page": 1,
      "collection_id": "61ca496e0c7c727225e473d8:categories:CREATINA:/creatina"
    },
    {
      "type": "collection-shelf",
      "shuffle": false,
      "limit": 12,
      "page": 1,
      "collection_id": "61ca49ca0c7c727225e474b0:categories:PRÉ TREINO:/pre-treino"
    },
    {
      "type": "collection-shelf",
      "shuffle": false,
      "limit": 12,
      "page": 1,
      "collection_id": "61fec5a47963422eeeec6543:categories:PASTA DE AMENDOIM:/pasta-de-amendoim"
    },
    {
      "type": "page-title",
      "title": "MSNutritionSuplementos",
      "description": "Sua parceira em suplementação "
    }
  ]
}